Target Geo Id 2000,Target Geo Id2 2000,Geographical Area,MSA,Population 2000,Housing  units 2000,Area in square miles - Total area 2000,Area in square miles - Water area 2000,Area in square miles - Land area 2000,Density per square mile of land area - Population 2000,Density per square mile of land area - Housing  units 2000
3800000US0040,40,"United States - In metropolitan statistical area - Abilene, TX MSA","Abilene, TX MSA",126555,52056,919.25,3.63,915.63,138.2,56.9
3800000US0120,120,"United States - In metropolitan statistical area - Albany, GA MSA","Albany, GA MSA",120822,48469,696.65,11.28,685.37,176.3,70.7
3800000US0160,160,"United States - In metropolitan statistical area - Albany--Schenectady--Troy, NY MSA","Albany--Schenectady--Troy, NY MSA",875583,386262,3288.62,66.42,3222.19,271.7,119.9
3800000US0200,200,"United States - In metropolitan statistical area - Albuquerque, NM MSA","Albuquerque, NM MSA",712738,298583,5951.18,8.18,5943,119.9,50.2
3800000US0220,220,"United States - In metropolitan statistical area - Alexandria, LA MSA","Alexandria, LA MSA",126337,52038,1361.96,39.42,1322.54,95.5,39.3
3800000US0240,240,"United States - In metropolitan statistical area - Allentown--Bethlehem--Easton, PA MSA","Allentown--Bethlehem--Easton, PA MSA",637958,266112,1112.94,11.44,1101.5,579.2,241.6
3800000US0280,280,"United States - In metropolitan statistical area - Altoona, PA MSA","Altoona, PA MSA",129144,55061,527.11,1.31,525.8,245.6,104.7
3800000US0320,320,"United States - In metropolitan statistical area - Amarillo, TX MSA","Amarillo, TX MSA",217858,87859,1844.4,20.73,1823.68,119.5,48.2
3800000US0380,380,"United States - In metropolitan statistical area - Anchorage, AK MSA","Anchorage, AK MSA",260283,100368,1961.09,263.88,1697.21,153.4,59.1
3800000US0450,450,"United States - In metropolitan statistical area - Anniston, AL MSA","Anniston, AL MSA",112249,51322,612.32,3.86,608.46,184.5,84.3
3800000US0460,460,"United States - In metropolitan statistical area - Appleton--Oshkosh--Neenah, WI MSA","Appleton--Oshkosh--Neenah, WI MSA",358365,143093,1620.12,221.36,1398.76,256.2,102.3
3800000US0480,480,"United States - In metropolitan statistical area - Asheville, NC MSA","Asheville, NC MSA",225965,103695,1111.39,5.98,1105.41,204.4,93.8
3800000US0500,500,"United States - In metropolitan statistical area - Athens, GA MSA","Athens, GA MSA",153444,62174,593,2.62,590.38,259.9,105.3
3800000US0520,520,"United States - In metropolitan statistical area - Atlanta, GA MSA","Atlanta, GA MSA",4112198,1589568,6207.94,84.14,6123.8,671.5,259.6
3800000US0580,580,"United States - In metropolitan statistical area - Auburn--Opelika, AL MSA","Auburn--Opelika, AL MSA",115092,50329,615.55,6.84,608.71,189.1,82.7
3800000US0600,600,"United States - In metropolitan statistical area - Augusta--Aiken, GA--SC MSA","Augusta--Aiken, GA--SC MSA",477441,195759,2489.52,41.14,2448.38,195,80
3800000US0640,640,"United States - In metropolitan statistical area - Austin--San Marcos, TX MSA","Austin--San Marcos, TX MSA",1249763,496004,4279.94,55.92,4224.02,295.9,117.4
3800000US0680,680,"United States - In metropolitan statistical area - Bakersfield, CA MSA","Bakersfield, CA MSA",661645,231564,8161.42,20.46,8140.96,81.3,28.4
3800000US0730,730,"United States - In metropolitan statistical area - Bangor, ME MSA","Bangor, ME MSA",90864,39189,427.44,30.11,397.33,228.7,98.6
3800000US0740,740,"United States - In metropolitan statistical area - Barnstable--Yarmouth, MA MSA","Barnstable--Yarmouth, MA MSA",162582,106941,329.64,69.83,259.81,625.8,411.6
3800000US0760,760,"United States - In metropolitan statistical area - Baton Rouge, LA MSA","Baton Rouge, LA MSA",602894,242827,1679.89,93.71,1586.18,380.1,153.1
3800000US0840,840,"United States - In metropolitan statistical area - Beaumont--Port Arthur, TX MSA","Beaumont--Port Arthur, TX MSA",385090,156697,2388.17,233.89,2154.28,178.8,72.7
3800000US0860,860,"United States - In metropolitan statistical area - Bellingham, WA MSA","Bellingham, WA MSA",166814,73893,2503.55,384.02,2119.53,78.7,34.9
3800000US0870,870,"United States - In metropolitan statistical area - Benton Harbor, MI MSA","Benton Harbor, MI MSA",162453,73445,1581.38,1010.39,571,284.5,128.6
3800000US0880,880,"United States - In metropolitan statistical area - Billings, MT MSA","Billings, MT MSA",129352,54563,2649.05,13.9,2635.15,49.1,20.7
3800000US0920,920,"United States - In metropolitan statistical area - Biloxi--Gulfport--Pascagoula, MS MSA","Biloxi--Gulfport--Pascagoula, MS MSA",363988,152386,2571.98,787.22,1784.76,203.9,85.4
3800000US0960,960,"United States - In metropolitan statistical area - Binghamton, NY MSA","Binghamton, NY MSA",252320,110227,1238.37,12.86,1225.51,205.9,89.9
3800000US1000,1000,"United States - In metropolitan statistical area - Birmingham, AL MSA","Birmingham, AL MSA",921106,395925,3237.54,50.91,3186.64,289.1,124.2
3800000US1010,1010,"United States - In metropolitan statistical area - Bismarck, ND MSA","Bismarck, ND MSA",94719,39590,3613.32,53.96,3559.36,26.6,11.1
3800000US1020,1020,"United States - In metropolitan statistical area - Bloomington, IN MSA","Bloomington, IN MSA",120563,50846,411.32,16.97,394.35,305.7,128.9
3800000US1040,1040,"United States - In metropolitan statistical area - Bloomington--Normal, IL MSA","Bloomington--Normal, IL MSA",150433,59972,1186.29,2.76,1183.53,127.1,50.7
3800000US1080,1080,"United States - In metropolitan statistical area - Boise City, ID MSA","Boise City, ID MSA",432345,166481,1663.84,19.13,1644.71,262.9,101.2
3800000US1122,1122,"United States - In metropolitan statistical area - Boston--Worcester--Lawrence, MA--NH--ME--CT CMSA","Boston--Worcester--Lawrence, MA--NH--ME--CT CMSA",5819100,2318422,6192.51,565.39,5627.12,1034.1,412
3850000US11221120,11221120,"United States - In metropolitan statistical area - Boston--Worcester--Lawrence, MA--NH--ME--CT CMSA - Boston, MA--NH PMSA","Boston, MA--NH PMSA",3406829,1377706,2369.81,348.02,2021.79,1685.1,681.4
3850000US11221200,11221200,"United States - In metropolitan statistical area - Boston--Worcester--Lawrence, MA--NH--ME--CT CMSA - Brockton, MA PMSA","Brockton, MA PMSA",255459,91260,311.48,13.93,297.55,858.5,306.7
3850000US11222600,11222600,"United States - In metropolitan statistical area - Boston--Worcester--Lawrence, MA--NH--ME--CT CMSA - Fitchburg--Leominster, MA PMSA","Fitchburg--Leominster, MA PMSA",142284,57650,287.48,8.95,278.54,510.8,207
3850000US11224160,11224160,"United States - In metropolitan statistical area - Boston--Worcester--Lawrence, MA--NH--ME--CT CMSA - Lawrence, MA--NH PMSA","Lawrence, MA--NH PMSA",396230,148168,453.25,15.65,437.6,905.5,338.6
3850000US11224560,11224560,"United States - In metropolitan statistical area - Boston--Worcester--Lawrence, MA--NH--ME--CT CMSA - Lowell, MA--NH PMSA","Lowell, MA--NH PMSA",301686,109106,256.49,6.78,249.71,1208.2,436.9
3850000US11224760,11224760,"United States - In metropolitan statistical area - Boston--Worcester--Lawrence, MA--NH--ME--CT CMSA - Manchester, NH PMSA","Manchester, NH PMSA",198378,77912,324.55,8.88,315.68,628.4,246.8
3850000US11225350,11225350,"United States - In metropolitan statistical area - Boston--Worcester--Lawrence, MA--NH--ME--CT CMSA - Nashua, NH PMSA","Nashua, NH PMSA",190949,72836,328.79,5.01,323.78,589.8,225
3850000US11225400,11225400,"United States - In metropolitan statistical area - Boston--Worcester--Lawrence, MA--NH--ME--CT CMSA - New Bedford, MA PMSA","New Bedford, MA PMSA",175198,74223,279.58,65.38,214.19,817.9,346.5
3850000US11226450,11226450,"United States - In metropolitan statistical area - Boston--Worcester--Lawrence, MA--NH--ME--CT CMSA - Portsmouth--Rochester, NH--ME PMSA","Portsmouth--Rochester, NH--ME PMSA",240698,105358,684.03,56.34,627.69,383.5,167.9
3850000US11229240,11229240,"United States - In metropolitan statistical area - Boston--Worcester--Lawrence, MA--NH--ME--CT CMSA - Worcester, MA--CT PMSA","Worcester, MA--CT PMSA",511389,204203,897.04,36.44,860.6,594.2,237.3
3800000US1240,1240,"United States - In metropolitan statistical area - Brownsville--Harlingen--San Benito, TX MSA","Brownsville--Harlingen--San Benito, TX MSA",335227,119654,1276.33,370.58,905.76,370.1,132.1
3800000US1260,1260,"United States - In metropolitan statistical area - Bryan--College Station, TX MSA","Bryan--College Station, TX MSA",152415,59023,590.29,4.51,585.78,260.2,100.8
3800000US1280,1280,"United States - In metropolitan statistical area - Buffalo--Niagara Falls, NY MSA","Buffalo--Niagara Falls, NY MSA",1170111,511583,2366.73,799.57,1567.16,746.6,326.4
3800000US1305,1305,"United States - In metropolitan statistical area - Burlington, VT MSA","Burlington, VT MSA",169391,69170,735.52,173.47,562.05,301.4,123.1
3800000US1320,1320,"United States - In metropolitan statistical area - Canton--Massillon, OH MSA","Canton--Massillon, OH MSA",406934,170040,979.92,9.11,970.81,419.2,175.2
3800000US1350,1350,"United States - In metropolitan statistical area - Casper, WY MSA","Casper, WY MSA",66533,29882,5375.72,35.83,5339.88,12.5,5.6
3800000US1360,1360,"United States - In metropolitan statistical area - Cedar Rapids, IA MSA","Cedar Rapids, IA MSA",191701,80551,724.55,7.1,717.44,267.2,112.3
3800000US1400,1400,"United States - In metropolitan statistical area - Champaign--Urbana, IL MSA","Champaign--Urbana, IL MSA",179669,75280,997.53,0.73,996.81,180.2,75.5
3800000US1440,1440,"United States - In metropolitan statistical area - Charleston--North Charleston, SC MSA","Charleston--North Charleston, SC MSA",549033,232985,3162.87,571.92,2590.95,211.9,89.9
3800000US1480,1480,"United States - In metropolitan statistical area - Charleston, WV MSA","Charleston, WV MSA",251662,115409,1261.39,12.06,1249.33,201.4,92.4
3800000US1520,1520,"United States - In metropolitan statistical area - Charlotte--Gastonia--Rock Hill, NC--SC MSA","Charlotte--Gastonia--Rock Hill, NC--SC MSA",1499293,615923,3440.94,64.14,3376.81,444,182.4
3800000US1540,1540,"United States - In metropolitan statistical area - Charlottesville, VA MSA","Charlottesville, VA MSA",159576,65315,1183.62,6.8,1176.82,135.6,55.5
3800000US1560,1560,"United States - In metropolitan statistical area - Chattanooga, TN--GA MSA","Chattanooga, TN--GA MSA",465161,200427,1871.89,48.31,1823.58,255.1,109.9
3800000US1580,1580,"United States - In metropolitan statistical area - Cheyenne, WY MSA","Cheyenne, WY MSA",81607,34213,2687.63,1.58,2686.05,30.4,12.7
3800000US1602,1602,"United States - In metropolitan statistical area - Chicago--Gary--Kenosha, IL--IN--WI CMSA","Chicago--Gary--Kenosha, IL--IN--WI CMSA",9157540,3485845,9295.91,2368.87,6927.04,1322,503.2
3850000US16021600,16021600,"United States - In metropolitan statistical area - Chicago--Gary--Kenosha, IL--IN--WI CMSA - Chicago, IL PMSA","Chicago, IL PMSA",8272768,3132638,6712.2,1649.83,5062.37,1634.2,618.8
3850000US16022960,16022960,"United States - In metropolitan statistical area - Chicago--Gary--Kenosha, IL--IN--WI CMSA - Gary, IN PMSA","Gary, IN PMSA",631362,252608,1147.95,232.86,915.1,689.9,276
3850000US16023740,16023740,"United States - In metropolitan statistical area - Chicago--Gary--Kenosha, IL--IN--WI CMSA - Kankakee, IL PMSA","Kankakee, IL PMSA",103833,40610,681.44,4.7,676.75,153.4,60
3850000US16023800,16023800,"United States - In metropolitan statistical area - Chicago--Gary--Kenosha, IL--IN--WI CMSA - Kenosha, WI PMSA","Kenosha, WI PMSA",149577,59989,754.31,481.48,272.83,548.2,219.9
3800000US1620,1620,"United States - In metropolitan statistical area - Chico--Paradise, CA MSA","Chico--Paradise, CA MSA",203171,85523,1677.11,37.62,1639.49,123.9,52.2
3800000US1642,1642,"United States - In metropolitan statistical area - Cincinnati--Hamilton, OH--KY--IN CMSA","Cincinnati--Hamilton, OH--KY--IN CMSA",1979202,820756,3865.64,56.64,3809,519.6,215.5
3850000US16421640,16421640,"United States - In metropolitan statistical area - Cincinnati--Hamilton, OH--KY--IN CMSA - Cincinnati, OH--KY--IN PMSA","Cincinnati, OH--KY--IN PMSA",1646395,690963,3395.44,53.71,3341.73,492.7,206.8
3850000US16423200,16423200,"United States - In metropolitan statistical area - Cincinnati--Hamilton, OH--KY--IN CMSA - Hamilton--Middletown, OH PMSA","Hamilton--Middletown, OH PMSA",332807,129793,470.2,2.93,467.27,712.2,277.8
3800000US1660,1660,"United States - In metropolitan statistical area - Clarksville--Hopkinsville, TN--KY MSA","Clarksville--Hopkinsville, TN--KY MSA",207033,79349,1267.85,7.26,1260.59,164.2,62.9
3800000US1692,1692,"United States - In metropolitan statistical area - Cleveland--Akron, OH CMSA","Cleveland--Akron, OH CMSA",2945831,1246124,6274.48,2662.52,3611.96,815.6,345
3850000US16920080,16920080,"United States - In metropolitan statistical area - Cleveland--Akron, OH CMSA - Akron, OH PMSA","Akron, OH PMSA",694960,290976,927.17,22.06,905.11,767.8,321.5
3850000US16921680,16921680,"United States - In metropolitan statistical area - Cleveland--Akron, OH CMSA - Cleveland--Lorain--Elyria, OH PMSA","Cleveland--Lorain--Elyria, OH PMSA",2250871,955148,5347.31,2640.47,2706.84,831.5,352.9
3800000US1720,1720,"United States - In metropolitan statistical area - Colorado Springs, CO MSA","Colorado Springs, CO MSA",516929,202428,2129.56,3.11,2126.45,243.1,95.2
3800000US1740,1740,"United States - In metropolitan statistical area - Columbia, MO MSA","Columbia, MO MSA",135454,56678,691.31,5.88,685.43,197.6,82.7
3800000US1760,1760,"United States - In metropolitan statistical area - Columbia, SC MSA","Columbia, SC MSA",536691,220771,1529.6,73.93,1455.67,368.7,151.7
3800000US1800,1800,"United States - In metropolitan statistical area - Columbus, GA--AL MSA","Columbus, GA--AL MSA",274624,112617,1592.48,22.44,1570.04,174.9,71.7
3800000US1840,1840,"United States - In metropolitan statistical area - Columbus, OH MSA","Columbus, OH MSA",1540157,653067,3169.24,28,3141.24,490.3,207.9
3800000US1880,1880,"United States - In metropolitan statistical area - Corpus Christi, TX MSA","Corpus Christi, TX MSA",380783,147905,1873.48,346.01,1527.47,249.3,96.8
3800000US1890,1890,"United States - In metropolitan statistical area - Corvallis, OR MSA","Corvallis, OR MSA",78153,31980,678.97,2.51,676.46,115.5,47.3
3800000US1900,1900,"United States - In metropolitan statistical area - Cumberland, MD--WV MSA","Cumberland, MD--WV MSA",102008,45078,758.95,5.8,753.15,135.4,59.9
3800000US1922,1922,"United States - In metropolitan statistical area - Dallas--Fort Worth, TX CMSA","Dallas--Fort Worth, TX CMSA",5221801,2031348,9469.3,365.52,9103.79,573.6,223.1
3850000US19221920,19221920,"United States - In metropolitan statistical area - Dallas--Fort Worth, TX CMSA - Dallas, TX PMSA","Dallas, TX PMSA",3519176,1366060,6490.47,304.65,6185.83,568.9,220.8
3850000US19222800,19222800,"United States - In metropolitan statistical area - Dallas--Fort Worth, TX CMSA - Fort Worth--Arlington, TX PMSA","Fort Worth--Arlington, TX PMSA",1702625,665288,2978.83,60.87,2917.96,583.5,228
3800000US1950,1950,"United States - In metropolitan statistical area - Danville, VA MSA","Danville, VA MSA",110156,51119,1022.11,8.29,1013.82,108.7,50.4
3800000US1960,1960,"United States - In metropolitan statistical area - Davenport--Moline--Rock Island, IA--IL MSA","Davenport--Moline--Rock Island, IA--IL MSA",359062,151408,1744.93,37.03,1707.9,210.2,88.7
3800000US2000,2000,"United States - In metropolitan statistical area - Dayton--Springfield, OH MSA","Dayton--Springfield, OH MSA",950558,408277,1693.34,9.88,1683.45,564.6,242.5
3800000US2020,2020,"United States - In metropolitan statistical area - Daytona Beach, FL MSA","Daytona Beach, FL MSA",493175,236390,2003.2,414.95,1588.25,310.5,148.8
3800000US2030,2030,"United States - In metropolitan statistical area - Decatur, AL MSA","Decatur, AL MSA",145867,62397,1317.13,41.53,1275.6,114.4,48.9
3800000US2040,2040,"United States - In metropolitan statistical area - Decatur, IL MSA","Decatur, IL MSA",114706,50241,585.38,4.86,580.52,197.6,86.5
3800000US2082,2082,"United States - In metropolitan statistical area - Denver--Boulder--Greeley, CO CMSA","Denver--Boulder--Greeley, CO CMSA",2581506,1042779,8551.82,56.28,8495.54,303.9,122.7
3850000US20821125,20821125,"United States - In metropolitan statistical area - Denver--Boulder--Greeley, CO CMSA - Boulder--Longmont, CO PMSA","Boulder--Longmont, CO PMSA",291288,119900,751.37,8.91,742.46,392.3,161.5
3850000US20822080,20822080,"United States - In metropolitan statistical area - Denver--Boulder--Greeley, CO CMSA - Denver, CO PMSA","Denver, CO PMSA",2109282,856685,3778.89,18.26,3760.63,560.9,227.8
3850000US20823060,20823060,"United States - In metropolitan statistical area - Denver--Boulder--Greeley, CO CMSA - Greeley, CO PMSA","Greeley, CO PMSA",180936,66194,4021.56,29.11,3992.45,45.3,16.6
3800000US2120,2120,"United States - In metropolitan statistical area - Des Moines, IA MSA","Des Moines, IA MSA",456022,188265,1756.84,29.38,1727.46,264,109
3800000US2162,2162,"United States - In metropolitan statistical area - Detroit--Ann Arbor--Flint, MI CMSA","Detroit--Ann Arbor--Flint, MI CMSA",5456428,2208124,7048.34,483.08,6565.26,831.1,336.3
3850000US21620440,21620440,"United States - In metropolitan statistical area - Detroit--Ann Arbor--Flint, MI CMSA - Ann Arbor, MI PMSA","Ann Arbor, MI PMSA",578736,229757,2069.27,40.43,2028.84,285.3,113.2
3850000US21622160,21622160,"United States - In metropolitan statistical area - Detroit--Ann Arbor--Flint, MI CMSA - Detroit, MI PMSA","Detroit, MI PMSA",4441551,1794737,4329.72,432.95,3896.78,1139.8,460.6
3850000US21622640,21622640,"United States - In metropolitan statistical area - Detroit--Ann Arbor--Flint, MI CMSA - Flint, MI PMSA","Flint, MI PMSA",436141,183630,649.34,9.7,639.64,681.9,287.1
3800000US2180,2180,"United States - In metropolitan statistical area - Dothan, AL MSA","Dothan, AL MSA",137916,61350,1144.33,2.9,1141.43,120.8,53.7
3800000US2190,2190,"United States - In metropolitan statistical area - Dover, DE MSA","Dover, DE MSA",126697,50481,800.12,210.4,589.72,214.8,85.6
3800000US2200,2200,"United States - In metropolitan statistical area - Dubuque, IA MSA","Dubuque, IA MSA",89143,35505,616.56,8.41,608.16,146.6,58.4
3800000US2240,2240,"United States - In metropolitan statistical area - Duluth--Superior, MN--WI MSA","Duluth--Superior, MN--WI MSA",243815,116156,8339.83,805.53,7534.3,32.4,15.4
3800000US2290,2290,"United States - In metropolitan statistical area - Eau Claire, WI MSA","Eau Claire, WI MSA",148337,60295,1686.6,38.53,1648.07,90,36.6
3800000US2320,2320,"United States - In metropolitan statistical area - El Paso, TX MSA","El Paso, TX MSA",679622,224447,1014.68,1.57,1013.11,670.8,221.5
3800000US2330,2330,"United States - In metropolitan statistical area - Elkhart--Goshen, IN MSA","Elkhart--Goshen, IN MSA",182791,69791,467.85,4.03,463.81,394.1,150.5
3800000US2335,2335,"United States - In metropolitan statistical area - Elmira, NY MSA","Elmira, NY MSA",91070,37745,410.79,2.62,408.17,223.1,92.5
3800000US2340,2340,"United States - In metropolitan statistical area - Enid, OK MSA","Enid, OK MSA",57813,26047,1059.94,1.55,1058.39,54.6,24.6
3800000US2360,2360,"United States - In metropolitan statistical area - Erie, PA MSA","Erie, PA MSA",280843,114322,1558.4,756.46,801.95,350.2,142.6
3800000US2400,2400,"United States - In metropolitan statistical area - Eugene--Springfield, OR MSA","Eugene--Springfield, OR MSA",322959,138946,4721.79,167.79,4554,70.9,30.5
3800000US2440,2440,"United States - In metropolitan statistical area - Evansville--Henderson, IN--KY MSA","Evansville--Henderson, IN--KY MSA",296195,127388,1513.28,46.01,1467.27,201.9,86.8
3800000US2520,2520,"United States - In metropolitan statistical area - Fargo--Moorhead, ND--MN MSA","Fargo--Moorhead, ND--MN MSA",174367,73536,2820.64,10.17,2810.47,62,26.2
3800000US2560,2560,"United States - In metropolitan statistical area - Fayetteville, NC MSA","Fayetteville, NC MSA",302963,118425,658.46,5.74,652.72,464.2,181.4
3800000US2580,2580,"United States - In metropolitan statistical area - Fayetteville--Springdale--Rogers, AR MSA","Fayetteville--Springdale--Rogers, AR MSA",311121,128611,1836.25,40.54,1795.71,173.3,71.6
3800000US2620,2620,"United States - In metropolitan statistical area - Flagstaff, AZ--UT MSA","Flagstaff, AZ--UT MSA",122366,57210,22769.63,160.25,22609.38,5.4,2.5
3800000US2650,2650,"United States - In metropolitan statistical area - Florence, AL MSA","Florence, AL MSA",142950,65404,1342.39,78.4,1263.99,113.1,51.7
3800000US2655,2655,"United States - In metropolitan statistical area - Florence, SC MSA","Florence, SC MSA",125761,51836,803.74,3.9,799.84,157.2,64.8
3800000US2670,2670,"United States - In metropolitan statistical area - Fort Collins--Loveland, CO MSA","Fort Collins--Loveland, CO MSA",251494,105392,2633.86,32.56,2601.3,96.7,40.5
3800000US2700,2700,"United States - In metropolitan statistical area - Fort Myers--Cape Coral, FL MSA","Fort Myers--Cape Coral, FL MSA",440888,245405,1211.89,408.26,803.63,548.6,305.4
3800000US2710,2710,"United States - In metropolitan statistical area - Fort Pierce--Port St. Lucie, FL MSA","Fort Pierce--Port St. Lucie, FL MSA",319426,156733,1440.87,312.81,1128.06,283.2,138.9
3800000US2720,2720,"United States - In metropolitan statistical area - Fort Smith, AR--OK MSA","Fort Smith, AR--OK MSA",207290,87566,1865.11,59.66,1805.45,114.8,48.5
3800000US2750,2750,"United States - In metropolitan statistical area - Fort Walton Beach, FL MSA","Fort Walton Beach, FL MSA",170498,78593,1082,146.37,935.63,182.2,84
3800000US2760,2760,"United States - In metropolitan statistical area - Fort Wayne, IN MSA","Fort Wayne, IN MSA",502141,206237,2460.13,12.57,2447.56,205.2,84.3
3800000US2840,2840,"United States - In metropolitan statistical area - Fresno, CA MSA","Fresno, CA MSA",922516,311154,8170.74,72.16,8098.59,113.9,38.4
3800000US2880,2880,"United States - In metropolitan statistical area - Gadsden, AL MSA","Gadsden, AL MSA",103459,45959,548.75,13.93,534.82,193.4,85.9
3800000US2900,2900,"United States - In metropolitan statistical area - Gainesville, FL MSA","Gainesville, FL MSA",217955,95113,969.12,94.88,874.25,249.3,108.8
3800000US2975,2975,"United States - In metropolitan statistical area - Glens Falls, NY MSA","Glens Falls, NY MSA",124345,61646,1777.5,72.77,1704.73,72.9,36.2
3800000US2980,2980,"United States - In metropolitan statistical area - Goldsboro, NC MSA","Goldsboro, NC MSA",113329,47313,556.69,4.12,552.57,205.1,85.6
3800000US2985,2985,"United States - In metropolitan statistical area - Grand Forks, ND--MN MSA","Grand Forks, ND--MN MSA",97478,41381,3437.64,29.46,3408.18,28.6,12.1
3800000US2995,2995,"United States - In metropolitan statistical area - Grand Junction, CO MSA","Grand Junction, CO MSA",116255,48427,3341.11,13.36,3327.75,34.9,14.6
3800000US3000,3000,"United States - In metropolitan statistical area - Grand Rapids--Muskegon--Holland, MI MSA","Grand Rapids--Muskegon--Holland, MI MSA",1088514,422704,5796.75,3038.34,2758.41,394.6,153.2
3800000US3040,3040,"United States - In metropolitan statistical area - Great Falls, MT MSA","Great Falls, MT MSA",80357,35225,2711.65,13.75,2697.9,29.8,13.1
3800000US3080,3080,"United States - In metropolitan statistical area - Green Bay, WI MSA","Green Bay, WI MSA",226778,90199,615.42,86.75,528.68,429,170.6
3800000US3120,3120,"United States - In metropolitan statistical area - Greensboro--Winston-Salem--High Point, NC MSA","Greensboro--Winston-Salem--High Point, NC MSA",1251509,535837,3922.35,41.26,3881.09,322.5,138.1
3800000US3150,3150,"United States - In metropolitan statistical area - Greenville, NC MSA","Greenville, NC MSA",133798,58408,654.77,3.19,651.58,205.3,89.6
3800000US3160,3160,"United States - In metropolitan statistical area - Greenville--Spartanburg--Anderson, SC MSA","Greenville--Spartanburg--Anderson, SC MSA",962441,411402,3280.69,72.08,3208.61,300,128.2
3800000US3240,3240,"United States - In metropolitan statistical area - Harrisburg--Lebanon--Carlisle, PA MSA","Harrisburg--Lebanon--Carlisle, PA MSA",629401,266345,2027.04,36.21,1990.83,316.2,133.8
3800000US3280,3280,"United States - In metropolitan statistical area - Hartford, CT MSA","Hartford, CT MSA",1183110,482572,1716.4,39.21,1677.19,705.4,287.7
3800000US3285,3285,"United States - In metropolitan statistical area - Hattiesburg, MS MSA","Hattiesburg, MS MSA",111674,45346,970.66,7.01,963.64,115.9,47.1
3800000US3290,3290,"United States - In metropolitan statistical area - Hickory--Morganton--Lenoir, NC MSA","Hickory--Morganton--Lenoir, NC MSA",341851,144874,1665.83,27.36,1638.48,208.6,88.4
3800000US3320,3320,"United States - In metropolitan statistical area - Honolulu, HI MSA","Honolulu, HI MSA",876156,315988,2126.85,1527.08,599.77,1460.8,526.9
3800000US3350,3350,"United States - In metropolitan statistical area - Houma, LA MSA","Houma, LA MSA",194477,74973,3552.09,1212.48,2339.61,83.1,32
3800000US3362,3362,"United States - In metropolitan statistical area - Houston--Galveston--Brazoria, TX CMSA","Houston--Galveston--Brazoria, TX CMSA",4669571,1777902,8777.63,1072.64,7704.99,606,230.7
3850000US33621145,33621145,"United States - In metropolitan statistical area - Houston--Galveston--Brazoria, TX CMSA - Brazoria, TX PMSA","Brazoria, TX PMSA",241767,90628,1597.44,211.04,1386.4,174.4,65.4
3850000US33622920,33622920,"United States - In metropolitan statistical area - Houston--Galveston--Brazoria, TX CMSA - Galveston--Texas City, TX PMSA","Galveston--Texas City, TX PMSA",250158,111733,872.93,474.46,398.47,627.8,280.4
3850000US33623360,33623360,"United States - In metropolitan statistical area - Houston--Galveston--Brazoria, TX CMSA - Houston, TX PMSA","Houston, TX PMSA",4177646,1575541,6307.26,387.15,5920.11,705.7,266.1
3800000US3400,3400,"United States - In metropolitan statistical area - Huntington--Ashland, WV--KY--OH MSA","Huntington--Ashland, WV--KY--OH MSA",315538,141398,2185.97,26.75,2159.22,146.1,65.5
3800000US3440,3440,"United States - In metropolitan statistical area - Huntsville, AL MSA","Huntsville, AL MSA",342376,147185,1419.93,46.96,1372.97,249.4,107.2
3800000US3480,3480,"United States - In metropolitan statistical area - Indianapolis, IN MSA","Indianapolis, IN MSA",1607486,681144,3541.62,18.62,3522.99,456.3,193.3
3800000US3500,3500,"United States - In metropolitan statistical area - Iowa City, IA MSA","Iowa City, IA MSA",111006,45831,623.35,8.87,614.48,180.7,74.6
3800000US3520,3520,"United States - In metropolitan statistical area - Jackson, MI MSA","Jackson, MI MSA",158422,62906,723.76,17.17,706.6,224.2,89
3800000US3560,3560,"United States - In metropolitan statistical area - Jackson, MS MSA","Jackson, MS MSA",440801,174138,2425.4,64.59,2360.81,186.7,73.8
3800000US3580,3580,"United States - In metropolitan statistical area - Jackson, TN MSA","Jackson, TN MSA",107377,44383,847.37,1.86,845.52,127,52.5
3800000US3600,3600,"United States - In metropolitan statistical area - Jacksonville, FL MSA","Jacksonville, FL MSA",1100491,467451,3109.22,473.88,2635.34,417.6,177.4
3800000US3605,3605,"United States - In metropolitan statistical area - Jacksonville, NC MSA","Jacksonville, NC MSA",150355,55726,908.56,141.74,766.82,196.1,72.7
3800000US3610,3610,"United States - In metropolitan statistical area - Jamestown, NY MSA","Jamestown, NY MSA",139750,64900,1500.02,437.97,1062.05,131.6,61.1
3800000US3620,3620,"United States - In metropolitan statistical area - Janesville--Beloit, WI MSA","Janesville--Beloit, WI MSA",152307,62187,726.2,5.73,720.47,211.4,86.3
3800000US3660,3660,"United States - In metropolitan statistical area - Johnson City--Kingsport--Bristol, TN--VA MSA","Johnson City--Kingsport--Bristol, TN--VA MSA",480091,218190,2911,45.49,2865.51,167.5,76.1
3800000US3680,3680,"United States - In metropolitan statistical area - Johnstown, PA MSA","Johnstown, PA MSA",232621,102959,1774.6,11.92,1762.68,132,58.4
3800000US3700,3700,"United States - In metropolitan statistical area - Jonesboro, AR MSA","Jonesboro, AR MSA",82148,35133,712.98,2.14,710.84,115.6,49.4
3800000US3710,3710,"United States - In metropolitan statistical area - Joplin, MO MSA","Joplin, MO MSA",157322,67468,1267.98,1.83,1266.15,124.3,53.3
3800000US3720,3720,"United States - In metropolitan statistical area - Kalamazoo--Battle Creek, MI MSA","Kalamazoo--Battle Creek, MI MSA",452851,191916,2388.81,507.37,1881.44,240.7,102
3800000US3760,3760,"United States - In metropolitan statistical area - Kansas City, MO--KS MSA","Kansas City, MO--KS MSA",1776062,740884,5485.39,79.18,5406.21,328.5,137
3800000US3810,3810,"United States - In metropolitan statistical area - Killeen--Temple, TX MSA","Killeen--Temple, TX MSA",312952,114558,2144.66,33.18,2111.48,148.2,54.3
3800000US3840,3840,"United States - In metropolitan statistical area - Knoxville, TN MSA","Knoxville, TN MSA",687249,313394,2529.42,80.16,2449.26,280.6,128
3800000US3850,3850,"United States - In metropolitan statistical area - Kokomo, IN MSA","Kokomo, IN MSA",101541,44452,554.34,0.88,553.45,183.5,80.3
3800000US3870,3870,"United States - In metropolitan statistical area - La Crosse, WI--MN MSA","La Crosse, WI--MN MSA",126838,51647,1048.82,37.67,1011.15,125.4,51.1
3800000US3880,3880,"United States - In metropolitan statistical area - Lafayette, LA MSA","Lafayette, LA MSA",385647,157792,2683.19,89.57,2593.62,148.7,60.8
3800000US3920,3920,"United States - In metropolitan statistical area - Lafayette, IN MSA","Lafayette, IN MSA",182821,71610,908.35,3.46,904.89,202,79.1
3800000US3960,3960,"United States - In metropolitan statistical area - Lake Charles, LA MSA","Lake Charles, LA MSA",183577,75995,1094.34,23.22,1071.12,171.4,70.9
3800000US3980,3980,"United States - In metropolitan statistical area - Lakeland--Winter Haven, FL MSA","Lakeland--Winter Haven, FL MSA",483924,226376,2009.99,135.6,1874.38,258.2,120.8
3800000US4000,4000,"United States - In metropolitan statistical area - Lancaster, PA MSA","Lancaster, PA MSA",470658,179990,983.81,34.75,949.06,495.9,189.7
3800000US4040,4040,"United States - In metropolitan statistical area - Lansing--East Lansing, MI MSA","Lansing--East Lansing, MI MSA",447728,181804,1714.53,7.48,1707.06,262.3,106.5
3800000US4080,4080,"United States - In metropolitan statistical area - Laredo, TX MSA","Laredo, TX MSA",193117,55206,3375.53,18.69,3356.83,57.5,16.4
3800000US4100,4100,"United States - In metropolitan statistical area - Las Cruces, NM MSA","Las Cruces, NM MSA",174682,65210,3814.62,7.44,3807.18,45.9,17.1
3800000US4120,4120,"United States - In metropolitan statistical area - Las Vegas, NV--AZ MSA","Las Vegas, NV--AZ MSA",1563282,655795,39719.1,350.46,39368.64,39.7,16.7
3800000US4150,4150,"United States - In metropolitan statistical area - Lawrence, KS MSA","Lawrence, KS MSA",99962,40250,474.47,17.6,456.87,218.8,88.1
3800000US4200,4200,"United States - In metropolitan statistical area - Lawton, OK MSA","Lawton, OK MSA",114996,45416,1083.82,14.48,1069.35,107.5,42.5
3800000US4240,4240,"United States - In metropolitan statistical area - Lewiston--Auburn, ME MSA","Lewiston--Auburn, ME MSA",90830,40455,325.32,20.69,304.64,298.2,132.8
3800000US4280,4280,"United States - In metropolitan statistical area - Lexington, KY MSA","Lexington, KY MSA",479198,204857,1927.17,7.7,1919.47,249.7,106.7
3800000US4320,4320,"United States - In metropolitan statistical area - Lima, OH MSA","Lima, OH MSA",155084,62715,808.6,2.92,805.68,192.5,77.8
3800000US4360,4360,"United States - In metropolitan statistical area - Lincoln, NE MSA","Lincoln, NE MSA",250291,104217,846.71,7.83,838.88,298.4,124.2
3800000US4400,4400,"United States - In metropolitan statistical area - Little Rock--North Little Rock, AR MSA","Little Rock--North Little Rock, AR MSA",583845,250255,3004.75,97.12,2907.62,200.8,86.1
3800000US4420,4420,"United States - In metropolitan statistical area - Longview--Marshall, TX MSA","Longview--Marshall, TX MSA",208780,87550,1784.13,23.75,1760.38,118.6,49.7
3800000US4472,4472,"United States - In metropolitan statistical area - Los Angeles--Riverside--Orange County, CA CMSA","Los Angeles--Riverside--Orange County, CA CMSA",16373645,5678148,35316.94,1361.5,33955.44,482.2,167.2
3850000US44724480,44724480,"United States - In metropolitan statistical area - Los Angeles--Riverside--Orange County, CA CMSA - Los Angeles--Long Beach, CA PMSA","Los Angeles--Long Beach, CA PMSA",9519338,3270909,4752.32,691.45,4060.87,2344.2,805.5
3850000US44725945,44725945,"United States - In metropolitan statistical area - Los Angeles--Riverside--Orange County, CA CMSA - Orange County, CA PMSA","Orange County, CA PMSA",2846289,969484,947.98,158.57,789.4,3605.6,1228.1
3850000US44726780,44726780,"United States - In metropolitan statistical area - Los Angeles--Riverside--Orange County, CA CMSA - Riverside--San Bernardino, CA PMSA","Riverside--San Bernardino, CA PMSA",3254821,1186043,27408.45,148.58,27259.86,119.4,43.5
3850000US44728735,44728735,"United States - In metropolitan statistical area - Los Angeles--Riverside--Orange County, CA CMSA - Ventura, CA PMSA","Ventura, CA PMSA",753197,251712,2208.2,362.9,1845.3,408.2,136.4
3800000US4520,4520,"United States - In metropolitan statistical area - Louisville, KY--IN MSA","Louisville, KY--IN MSA",1025598,438235,2099.44,27.44,2071.99,495,211.5
3800000US4600,4600,"United States - In metropolitan statistical area - Lubbock, TX MSA","Lubbock, TX MSA",242628,100595,900.7,1.2,899.49,269.7,111.8
3800000US4640,4640,"United States - In metropolitan statistical area - Lynchburg, VA MSA","Lynchburg, VA MSA",214911,92229,1811.95,21.51,1790.44,120,51.5
3800000US4680,4680,"United States - In metropolitan statistical area - Macon, GA MSA","Macon, GA MSA",322549,134359,1544.75,12.94,1531.81,210.6,87.7
3800000US4720,4720,"United States - In metropolitan statistical area - Madison, WI MSA","Madison, WI MSA",426526,180398,1238.32,36.42,1201.89,354.9,150.1
3800000US4800,4800,"United States - In metropolitan statistical area - Mansfield, OH MSA","Mansfield, OH MSA",175818,73240,903.16,4.17,898.99,195.6,81.5
3800000US4880,4880,"United States - In metropolitan statistical area - McAllen--Edinburg--Mission, TX MSA","McAllen--Edinburg--Mission, TX MSA",569463,192658,1582.66,12.92,1569.75,362.8,122.7
3800000US4890,4890,"United States - In metropolitan statistical area - Medford--Ashland, OR MSA","Medford--Ashland, OR MSA",181269,75737,2801.77,16.57,2785.19,65.1,27.2
3800000US4900,4900,"United States - In metropolitan statistical area - Melbourne--Titusville--Palm Bay, FL MSA","Melbourne--Titusville--Palm Bay, FL MSA",476230,222072,1556.95,538.76,1018.19,467.7,218.1
3800000US4920,4920,"United States - In metropolitan statistical area - Memphis, TN--AR--MS MSA","Memphis, TN--AR--MS MSA",1135614,454534,3098.04,91.61,3006.43,377.7,151.2
3800000US4940,4940,"United States - In metropolitan statistical area - Merced, CA MSA","Merced, CA MSA",210554,68373,1971.87,43.18,1928.69,109.2,35.5
3800000US4992,4992,"United States - In metropolitan statistical area - Miami--Fort Lauderdale, FL CMSA","Miami--Fort Lauderdale, FL CMSA",3876380,1593321,3750.89,599.43,3151.46,1230,505.6
3850000US49922680,49922680,"United States - In metropolitan statistical area - Miami--Fort Lauderdale, FL CMSA - Fort Lauderdale, FL PMSA","Fort Lauderdale, FL PMSA",1623018,741043,1319.63,114.24,1205.4,1346.5,614.8
3850000US49925000,49925000,"United States - In metropolitan statistical area - Miami--Fort Lauderdale, FL CMSA - Miami, FL PMSA","Miami, FL PMSA",2253362,852278,2431.26,485.19,1946.06,1157.9,437.9
3800000US5082,5082,"United States - In metropolitan statistical area - Milwaukee--Racine, WI CMSA","Milwaukee--Racine, WI CMSA",1689572,692962,4114.17,2321.18,1792.99,942.3,386.5
3850000US50825080,50825080,"United States - In metropolitan statistical area - Milwaukee--Racine, WI CMSA - Milwaukee--Waukesha, WI PMSA","Milwaukee--Waukesha, WI PMSA",1500741,618244,3322.27,1862.38,1459.9,1028,423.5
3850000US50826600,50826600,"United States - In metropolitan statistical area - Milwaukee--Racine, WI CMSA - Racine, WI PMSA","Racine, WI PMSA",188831,74718,791.9,458.81,333.1,566.9,224.3
3800000US5120,5120,"United States - In metropolitan statistical area - Minneapolis--St. Paul, MN--WI MSA","Minneapolis--St. Paul, MN--WI MSA",2968806,1169775,6364.12,301.05,6063.07,489.7,192.9
3800000US5140,5140,"United States - In metropolitan statistical area - Missoula, MT MSA","Missoula, MT MSA",95802,41319,2618.34,20.37,2597.97,36.9,15.9
3800000US5160,5160,"United States - In metropolitan statistical area - Mobile, AL MSA","Mobile, AL MSA",540258,239386,3670.95,841.51,2829.44,190.9,84.6
3800000US5170,5170,"United States - In metropolitan statistical area - Modesto, CA MSA","Modesto, CA MSA",446997,150807,1514.67,20.88,1493.79,299.2,101
3800000US5200,5200,"United States - In metropolitan statistical area - Monroe, LA MSA","Monroe, LA MSA",147250,60154,632.7,22.17,610.53,241.2,98.5
3800000US5240,5240,"United States - In metropolitan statistical area - Montgomery, AL MSA","Montgomery, AL MSA",333055,138832,2061.41,54.43,2006.99,165.9,69.2
3800000US5280,5280,"United States - In metropolitan statistical area - Muncie, IN MSA","Muncie, IN MSA",118769,51032,395.92,2.63,393.29,302,129.8
3800000US5330,5330,"United States - In metropolitan statistical area - Myrtle Beach, SC MSA","Myrtle Beach, SC MSA",196629,122085,1254.96,121.28,1133.68,173.4,107.7
3800000US5345,5345,"United States - In metropolitan statistical area - Naples, FL MSA","Naples, FL MSA",251377,144536,2304.93,279.59,2025.34,124.1,71.4
3800000US5360,5360,"United States - In metropolitan statistical area - Nashville, TN MSA","Nashville, TN MSA",1231311,509293,4135.08,62.35,4072.73,302.3,125
3800000US5520,5520,"United States - In metropolitan statistical area - New London--Norwich, CT--RI MSA","New London--Norwich, CT--RI MSA",293566,127566,782.43,120.18,662.24,443.3,192.6
3800000US5560,5560,"United States - In metropolitan statistical area - New Orleans, LA MSA","New Orleans, LA MSA",1337726,556234,7354.78,3955.29,3399.49,393.5,163.6
3800000US5602,5602,"United States - In metropolitan statistical area - New York--Northern New Jersey--Long Island, NY--NJ--CT--PA CMSA","New York--Northern New Jersey--Long Island, NY--NJ--CT--PA CMSA",21199865,8213523,13117.93,2668.07,10449.86,2028.7,786
3850000US56020875,56020875,"United States - In metropolitan statistical area - New York--Northern New Jersey--Long Island, NY--NJ--CT--PA CMSA - Bergen--Passaic, NJ PMSA","Bergen--Passaic, NJ PMSA",1373167,509868,443.85,24.39,419.46,3273.6,1215.5
3850000US56021160,56021160,"United States - In metropolitan statistical area - New York--Northern New Jersey--Long Island, NY--NJ--CT--PA CMSA - Bridgeport, CT PMSA","Bridgeport, CT PMSA",459479,179318,276.98,15.15,261.83,1754.9,684.9
3850000US56021930,56021930,"United States - In metropolitan statistical area - New York--Northern New Jersey--Long Island, NY--NJ--CT--PA CMSA - Danbury, CT PMSA","Danbury, CT PMSA",217980,82542,402.05,15.15,386.9,563.4,213.3
3850000US56022281,56022281,"United States - In metropolitan statistical area - New York--Northern New Jersey--Long Island, NY--NJ--CT--PA CMSA - Dutchess County, NY PMSA","Dutchess County, NY PMSA",280150,106103,825.38,23.78,801.59,349.5,132.4
3850000US56023640,56023640,"United States - In metropolitan statistical area - New York--Northern New Jersey--Long Island, NY--NJ--CT--PA CMSA - Jersey City, NJ PMSA","Jersey City, NJ PMSA",608975,240618,62.43,15.74,46.69,13043.6,5153.8
3850000US56025015,56025015,"United States - In metropolitan statistical area - New York--Northern New Jersey--Long Island, NY--NJ--CT--PA CMSA - Middlesex--Somerset--Hunterdon, NJ PMSA","Middlesex--Somerset--Hunterdon, NJ PMSA",1169641,430692,1065.32,20.97,1044.35,1120,412.4
3850000US56025190,56025190,"United States - In metropolitan statistical area - New York--Northern New Jersey--Long Island, NY--NJ--CT--PA CMSA - Monmouth--Ocean, NJ PMSA","Monmouth--Ocean, NJ PMSA",1126217,489595,1581,472.78,1108.21,1016.2,441.8
3850000US56025380,56025380,"United States - In metropolitan statistical area - New York--Northern New Jersey--Long Island, NY--NJ--CT--PA CMSA - Nassau--Suffolk, NY PMSA","Nassau--Suffolk, NY PMSA",2753913,980474,2826.15,1627.26,1198.89,2297.1,817.8
3850000US56025480,56025480,"United States - In metropolitan statistical area - New York--Northern New Jersey--Long Island, NY--NJ--CT--PA CMSA - New Haven--Meriden, CT PMSA","New Haven--Meriden, CT PMSA",542149,223326,450.55,20.63,429.92,1261,519.5
3850000US56025600,56025600,"United States - In metropolitan statistical area - New York--Northern New Jersey--Long Island, NY--NJ--CT--PA CMSA - New York, NY PMSA","New York, NY PMSA",9314235,3680360,1414.55,272.91,1141.64,8158.7,3223.8
3850000US56025640,56025640,"United States - In metropolitan statistical area - New York--Northern New Jersey--Long Island, NY--NJ--CT--PA CMSA - Newark, NJ PMSA","Newark, NJ PMSA",2032989,766020,1615.05,37.38,1577.67,1288.6,485.5
3850000US56025660,56025660,"United States - In metropolitan statistical area - New York--Northern New Jersey--Long Island, NY--NJ--CT--PA CMSA - Newburgh, NY--PA PMSA","Newburgh, NY--PA PMSA",387669,157435,1405.18,42.04,1363.15,284.4,115.5
3850000US56028040,56028040,"United States - In metropolitan statistical area - New York--Northern New Jersey--Long Island, NY--NJ--CT--PA CMSA - Stamford--Norwalk, CT PMSA","Stamford--Norwalk, CT PMSA",353556,139224,282.96,72.84,210.12,1682.7,662.6
3850000US56028480,56028480,"United States - In metropolitan statistical area - New York--Northern New Jersey--Long Island, NY--NJ--CT--PA CMSA - Trenton, NJ PMSA","Trenton, NJ PMSA",350761,133280,228.84,2.91,225.93,1552.5,589.9
3850000US56028880,56028880,"United States - In metropolitan statistical area - New York--Northern New Jersey--Long Island, NY--NJ--CT--PA CMSA - Waterbury, CT PMSA","Waterbury, CT PMSA",228984,94668,237.66,4.15,233.51,980.6,405.4
3800000US5720,5720,"United States - In metropolitan statistical area - Norfolk--Virginia Beach--Newport News, VA--NC MSA","Norfolk--Virginia Beach--Newport News, VA--NC MSA",1569541,619335,3586.2,1237.71,2348.49,668.3,263.7
3800000US5790,5790,"United States - In metropolitan statistical area - Ocala, FL MSA","Ocala, FL MSA",258916,122663,1663.01,84.15,1578.86,164,77.7
3800000US5800,5800,"United States - In metropolitan statistical area - Odessa--Midland, TX MSA","Odessa--Midland, TX MSA",237132,97560,1803.65,2.34,1801.31,131.6,54.2
3800000US5880,5880,"United States - In metropolitan statistical area - Oklahoma City, OK MSA","Oklahoma City, OK MSA",1083346,466230,4304.13,57.39,4246.74,255.1,109.8
3800000US5920,5920,"United States - In metropolitan statistical area - Omaha, NE--IA MSA","Omaha, NE--IA MSA",716998,291001,2506.79,31.36,2475.43,289.6,117.6
3800000US5960,5960,"United States - In metropolitan statistical area - Orlando, FL MSA","Orlando, FL MSA",1644561,683551,4011.81,521.11,3490.71,471.1,195.8
3800000US5990,5990,"United States - In metropolitan statistical area - Owensboro, KY MSA","Owensboro, KY MSA",91545,38432,476.27,13.88,462.39,198,83.1
3800000US6015,6015,"United States - In metropolitan statistical area - Panama City, FL MSA","Panama City, FL MSA",148217,78435,1033.27,269.6,763.68,194.1,102.7
3800000US6020,6020,"United States - In metropolitan statistical area - Parkersburg--Marietta, WV--OH MSA","Parkersburg--Marietta, WV--OH MSA",151237,67545,1017.09,14.65,1002.44,150.9,67.4
3800000US6080,6080,"United States - In metropolitan statistical area - Pensacola, FL MSA","Pensacola, FL MSA",412153,173766,2049.14,369.86,1679.28,245.4,103.5
3800000US6120,6120,"United States - In metropolitan statistical area - Peoria--Pekin, IL MSA","Peoria--Pekin, IL MSA",347387,144664,1831.52,35.19,1796.33,193.4,80.5
3800000US6162,6162,"United States - In metropolitan statistical area - Philadelphia--Wilmington--Atlantic City, PA--NJ--DE--MD CMSA","Philadelphia--Wilmington--Atlantic City, PA--NJ--DE--MD CMSA",6188463,2539825,6838.95,903.76,5935.19,1042.7,427.9
3850000US61620560,61620560,"United States - In metropolitan statistical area - Philadelphia--Wilmington--Atlantic City, PA--NJ--DE--MD CMSA - Atlantic--Cape May, NJ PMSA","Atlantic--Cape May, NJ PMSA",354878,205137,1291.73,475.47,816.26,434.8,251.3
3850000US61626160,61626160,"United States - In metropolitan statistical area - Philadelphia--Wilmington--Atlantic City, PA--NJ--DE--MD CMSA - Philadelphia, PA--NJ PMSA","Philadelphia, PA--NJ PMSA",5100931,2047843,3959.25,104.01,3855.23,1323.1,531.2
3850000US61628760,61628760,"United States - In metropolitan statistical area - Philadelphia--Wilmington--Atlantic City, PA--NJ--DE--MD CMSA - Vineland--Millville--Bridgeton, NJ PMSA","Vineland--Millville--Bridgeton, NJ PMSA",146438,52863,676.59,187.29,489.3,299.3,108
3850000US61629160,61629160,"United States - In metropolitan statistical area - Philadelphia--Wilmington--Atlantic City, PA--NJ--DE--MD CMSA - Wilmington--Newark, DE--MD PMSA","Wilmington--Newark, DE--MD PMSA",586216,233982,911.39,136.99,774.4,757,302.1
3800000US6200,6200,"United States - In metropolitan statistical area - Phoenix--Mesa, AZ MSA","Phoenix--Mesa, AZ MSA",3251876,1331385,14598.36,25.63,14572.73,223.1,91.4
3800000US6240,6240,"United States - In metropolitan statistical area - Pine Bluff, AR MSA","Pine Bluff, AR MSA",84278,34350,913.7,28.88,884.82,95.2,38.8
3800000US6280,6280,"United States - In metropolitan statistical area - Pittsburgh, PA MSA","Pittsburgh, PA MSA",2358695,1046094,4678.69,53.06,4625.63,509.9,226.2
3800000US6320,6320,"United States - In metropolitan statistical area - Pittsfield, MA MSA","Pittsfield, MA MSA",84699,40426,257.55,5.74,251.81,336.4,160.5
3800000US6340,6340,"United States - In metropolitan statistical area - Pocatello, ID MSA","Pocatello, ID MSA",75565,29102,1147.46,34.16,1113.3,67.9,26.1
3800000US6400,6400,"United States - In metropolitan statistical area - Portland, ME MSA","Portland, ME MSA",243537,111130,822.89,196.63,626.26,388.9,177.5
3800000US6442,6442,"United States - In metropolitan statistical area - Portland--Salem, OR--WA CMSA","Portland--Salem, OR--WA CMSA",2265223,918935,7072.23,119.59,6952.64,325.8,132.2
3850000US64426440,64426440,"United States - In metropolitan statistical area - Portland--Salem, OR--WA CMSA - Portland--Vancouver, OR--WA PMSA","Portland--Vancouver, OR--WA PMSA",1918009,786300,5133.95,106.29,5027.66,381.5,156.4
3850000US64427080,64427080,"United States - In metropolitan statistical area - Portland--Salem, OR--WA CMSA - Salem, OR PMSA","Salem, OR PMSA",347214,132635,1938.28,13.3,1924.98,180.4,68.9
3800000US6480,6480,"United States - In metropolitan statistical area - Providence--Fall River--Warwick, RI--MA MSA","Providence--Fall River--Warwick, RI--MA MSA",1188613,492558,1356.18,214.97,1141.21,1041.5,431.6
3800000US6520,6520,"United States - In metropolitan statistical area - Provo--Orem, UT MSA","Provo--Orem, UT MSA",368536,104315,2140.98,142.64,1998.33,184.4,52.2
3800000US6560,6560,"United States - In metropolitan statistical area - Pueblo, CO MSA","Pueblo, CO MSA",141472,58926,2397.73,9.04,2388.69,59.2,24.7
3800000US6580,6580,"United States - In metropolitan statistical area - Punta Gorda, FL MSA","Punta Gorda, FL MSA",141627,79758,859.12,165.51,693.6,204.2,115
3800000US6640,6640,"United States - In metropolitan statistical area - Raleigh--Durham--Chapel Hill, NC MSA","Raleigh--Durham--Chapel Hill, NC MSA",1187941,495612,3555.69,66.88,3488.81,340.5,142.1
3800000US6660,6660,"United States - In metropolitan statistical area - Rapid City, SD MSA","Rapid City, SD MSA",88565,37249,2784.31,8.16,2776.15,31.9,13.4
3800000US6680,6680,"United States - In metropolitan statistical area - Reading, PA MSA","Reading, PA MSA",373638,150222,865.67,6.79,858.88,435,174.9
3800000US6690,6690,"United States - In metropolitan statistical area - Redding, CA MSA","Redding, CA MSA",163256,68810,3847.44,62.24,3785.19,43.1,18.2
3800000US6720,6720,"United States - In metropolitan statistical area - Reno, NV MSA","Reno, NV MSA",339486,143908,6551.32,209.05,6342.27,53.5,22.7
3800000US6740,6740,"United States - In metropolitan statistical area - Richland--Kennewick--Pasco, WA MSA","Richland--Kennewick--Pasco, WA MSA",191822,72047,3025.47,79.98,2945.49,65.1,24.5
3800000US6760,6760,"United States - In metropolitan statistical area - Richmond--Petersburg, VA MSA","Richmond--Petersburg, VA MSA",996512,410394,3028.92,84.46,2944.47,338.4,139.4
3800000US6800,6800,"United States - In metropolitan statistical area - Roanoke, VA MSA","Roanoke, VA MSA",235932,104352,854.48,3.48,851,277.2,122.6
3800000US6820,6820,"United States - In metropolitan statistical area - Rochester, MN MSA","Rochester, MN MSA",124277,49422,654.5,1.49,653.01,190.3,75.7
3800000US6840,6840,"United States - In metropolitan statistical area - Rochester, NY MSA","Rochester, NY MSA",1098201,451362,5365.42,1939.9,3425.52,320.6,131.8
3800000US6880,6880,"United States - In metropolitan statistical area - Rockford, IL MSA","Rockford, IL MSA",371236,150238,1564.48,10.65,1553.84,238.9,96.7
3800000US6895,6895,"United States - In metropolitan statistical area - Rocky Mount, NC MSA","Rocky Mount, NC MSA",143026,61053,1049.27,3.98,1045.29,136.8,58.4
3800000US6922,6922,"United States - In metropolitan statistical area - Sacramento--Yolo, CA CMSA","Sacramento--Yolo, CA CMSA",1796857,714981,5309.25,215.11,5094.13,352.7,140.4
3850000US69226920,69226920,"United States - In metropolitan statistical area - Sacramento--Yolo, CA CMSA - Sacramento, CA PMSA","Sacramento, CA PMSA",1628197,653394,4286.36,205.49,4080.87,399,160.1
3850000US69229270,69229270,"United States - In metropolitan statistical area - Sacramento--Yolo, CA CMSA - Yolo, CA PMSA","Yolo, CA PMSA",168660,61587,1022.89,9.62,1013.27,166.5,60.8
3800000US6960,6960,"United States - In metropolitan statistical area - Saginaw--Bay City--Midland, MI MSA","Saginaw--Bay City--Midland, MI MSA",403070,165724,1974.58,200.2,1774.37,227.2,93.4
3800000US6980,6980,"United States - In metropolitan statistical area - St. Cloud, MN MSA","St. Cloud, MN MSA",167392,63751,1802.92,50.13,1752.79,95.5,36.4
3800000US7000,7000,"United States - In metropolitan statistical area - St. Joseph, MO MSA","St. Joseph, MO MSA",102490,43236,851.07,6.16,844.91,121.3,51.2
3800000US7040,7040,"United States - In metropolitan statistical area - St. Louis, MO--IL MSA","St. Louis, MO--IL MSA",2603607,1092915,6547.6,155.53,6392.07,407.3,171
3800000US7120,7120,"United States - In metropolitan statistical area - Salinas, CA MSA","Salinas, CA MSA",401762,131708,3771.07,449.12,3321.95,120.9,39.6
3800000US7160,7160,"United States - In metropolitan statistical area - Salt Lake City--Ogden, UT MSA","Salt Lake City--Ogden, UT MSA",1333914,455556,2100.95,483.55,1617.39,824.7,281.7
3800000US7200,7200,"United States - In metropolitan statistical area - San Angelo, TX MSA","San Angelo, TX MSA",104010,43916,1540.54,18.44,1522.1,68.3,28.9
3800000US7240,7240,"United States - In metropolitan statistical area - San Antonio, TX MSA","San Antonio, TX MSA",1592383,599772,3354,27.6,3326.4,478.7,180.3
3800000US7320,7320,"United States - In metropolitan statistical area - San Diego, CA MSA","San Diego, CA MSA",2813833,1040149,4525.52,325.62,4199.89,670,247.7
3800000US7362,7362,"United States - In metropolitan statistical area - San Francisco--Oakland--San Jose, CA CMSA","San Francisco--Oakland--San Jose, CA CMSA",7039362,2651275,8798.75,1430.94,7367.81,955.4,359.8
3850000US73625775,73625775,"United States - In metropolitan statistical area - San Francisco--Oakland--San Jose, CA CMSA - Oakland, CA PMSA","Oakland, CA PMSA",2392557,894760,1623.3,165.78,1457.52,1641.5,613.9
3850000US73627360,73627360,"United States - In metropolitan statistical area - San Francisco--Oakland--San Jose, CA CMSA - San Francisco, CA PMSA","San Francisco, CA PMSA",1731183,712093,1801.13,785.56,1015.56,1704.7,701.2
3850000US73627400,73627400,"United States - In metropolitan statistical area - San Francisco--Oakland--San Jose, CA CMSA - San Jose, CA PMSA","San Jose, CA PMSA",1682585,579329,1304.01,13.32,1290.69,1303.6,448.9
3850000US73627485,73627485,"United States - In metropolitan statistical area - San Francisco--Oakland--San Jose, CA CMSA - Santa Cruz--Watsonville, CA PMSA","Santa Cruz--Watsonville, CA PMSA",255602,98873,607.16,161.92,445.24,574.1,222.1
3850000US73627500,73627500,"United States - In metropolitan statistical area - San Francisco--Oakland--San Jose, CA CMSA - Santa Rosa, CA PMSA","Santa Rosa, CA PMSA",458614,183153,1768.23,192.35,1575.88,291,116.2
3850000US73628720,73628720,"United States - In metropolitan statistical area - San Francisco--Oakland--San Jose, CA CMSA - Vallejo--Fairfield--Napa, CA PMSA","Vallejo--Fairfield--Napa, CA PMSA",518821,183067,1694.94,112.02,1582.92,327.8,115.7
3800000US7460,7460,"United States - In metropolitan statistical area - San Luis Obispo--Atascadero--Paso Robles, CA MSA","San Luis Obispo--Atascadero--Paso Robles, CA MSA",246681,102275,3615.54,311.22,3304.32,74.7,31
3800000US7480,7480,"United States - In metropolitan statistical area - Santa Barbara--Santa Maria--Lompoc, CA MSA","Santa Barbara--Santa Maria--Lompoc, CA MSA",399347,142901,3789.08,1052.07,2737.01,145.9,52.2
3800000US7490,7490,"United States - In metropolitan statistical area - Santa Fe, NM MSA","Santa Fe, NM MSA",147635,65638,2020.13,1.6,2018.54,73.1,32.5
3800000US7510,7510,"United States - In metropolitan statistical area - Sarasota--Bradenton, FL MSA","Sarasota--Bradenton, FL MSA",589959,320595,1617.93,305.35,1312.58,449.5,244.2
3800000US7520,7520,"United States - In metropolitan statistical area - Savannah, GA MSA","Savannah, GA MSA",293000,122527,1569.59,210.35,1359.24,215.6,90.1
3800000US7560,7560,"United States - In metropolitan statistical area - Scranton--Wilkes-Barre--Hazleton, PA MSA","Scranton--Wilkes-Barre--Hazleton, PA MSA",624776,280494,2266.21,34.03,2232.19,279.9,125.7
3800000US7602,7602,"United States - In metropolitan statistical area - Seattle--Tacoma--Bremerton, WA CMSA","Seattle--Tacoma--Bremerton, WA CMSA",3554760,1467176,8166.44,940.99,7225.45,492,203.1
3850000US76021150,76021150,"United States - In metropolitan statistical area - Seattle--Tacoma--Bremerton, WA CMSA - Bremerton, WA PMSA","Bremerton, WA PMSA",231969,92644,565.98,170.01,395.97,585.8,234
3850000US76025910,76025910,"United States - In metropolitan statistical area - Seattle--Tacoma--Bremerton, WA CMSA - Olympia, WA PMSA","Olympia, WA PMSA",207355,86652,773.64,46.62,727.02,285.2,119.2
3850000US76027600,76027600,"United States - In metropolitan statistical area - Seattle--Tacoma--Bremerton, WA CMSA - Seattle--Bellevue--Everett, WA PMSA","Seattle--Bellevue--Everett, WA PMSA",2414616,1010820,5020.32,596.78,4423.54,545.9,228.5
3850000US76028200,76028200,"United States - In metropolitan statistical area - Seattle--Tacoma--Bremerton, WA CMSA - Tacoma, WA PMSA","Tacoma, WA PMSA",700820,277060,1806.5,127.58,1678.91,417.4,165
3800000US7610,7610,"United States - In metropolitan statistical area - Sharon, PA MSA","Sharon, PA MSA",120293,49859,682.57,10.76,671.82,179.1,74.2
3800000US7620,7620,"United States - In metropolitan statistical area - Sheboygan, WI MSA","Sheboygan, WI MSA",112646,45947,1270.97,757.34,513.63,219.3,89.5
3800000US7640,7640,"United States - In metropolitan statistical area - Sherman--Denison, TX MSA","Sherman--Denison, TX MSA",110595,48315,979.19,45.68,933.51,118.5,51.8
3800000US7680,7680,"United States - In metropolitan statistical area - Shreveport--Bossier City, LA MSA","Shreveport--Bossier City, LA MSA",392302,167573,2418.91,102.44,2316.47,169.4,72.3
3800000US7720,7720,"United States - In metropolitan statistical area - Sioux City, IA--NE MSA","Sioux City, IA--NE MSA",124130,48922,1144.78,8.39,1136.39,109.2,43.1
3800000US7760,7760,"United States - In metropolitan statistical area - Sioux Falls, SD MSA","Sioux Falls, SD MSA",172412,69368,1392.28,4.52,1387.76,124.2,50
3800000US7800,7800,"United States - In metropolitan statistical area - South Bend, IN MSA","South Bend, IN MSA",265559,107013,460.97,3.63,457.34,580.7,234
3800000US7840,7840,"United States - In metropolitan statistical area - Spokane, WA MSA","Spokane, WA MSA",417939,175005,1780.72,17.09,1763.64,237,99.2
3800000US7880,7880,"United States - In metropolitan statistical area - Springfield, IL MSA","Springfield, IL MSA",201437,90744,1192.38,9.95,1182.43,170.4,76.7
3800000US7920,7920,"United States - In metropolitan statistical area - Springfield, MO MSA","Springfield, MO MSA",325721,138396,1835.53,4.08,1831.45,177.8,75.6
3800000US8000,8000,"United States - In metropolitan statistical area - Springfield, MA MSA","Springfield, MA MSA",591932,236653,760.23,24.6,735.63,804.7,321.7
3800000US8050,8050,"United States - In metropolitan statistical area - State College, PA MSA","State College, PA MSA",135758,53161,1111.85,4.32,1107.53,122.6,48
3800000US8080,8080,"United States - In metropolitan statistical area - Steubenville--Weirton, OH--WV MSA","Steubenville--Weirton, OH--WV MSA",132008,59169,591.49,10.21,581.28,227.1,101.8
3800000US8120,8120,"United States - In metropolitan statistical area - Stockton--Lodi, CA MSA","Stockton--Lodi, CA MSA",563598,189160,1426.25,26.97,1399.28,402.8,135.2
3800000US8140,8140,"United States - In metropolitan statistical area - Sumter, SC MSA","Sumter, SC MSA",104646,41751,682.03,16.63,665.41,157.3,62.7
3800000US8160,8160,"United States - In metropolitan statistical area - Syracuse, NY MSA","Syracuse, NY MSA",732117,313587,3643.06,560.42,3082.64,237.5,101.7
3800000US8240,8240,"United States - In metropolitan statistical area - Tallahassee, FL MSA","Tallahassee, FL MSA",284539,121677,1230.27,47.4,1182.87,240.5,102.9
3800000US8280,8280,"United States - In metropolitan statistical area - Tampa--St. Petersburg--Clearwater, FL MSA","Tampa--St. Petersburg--Clearwater, FL MSA",2395997,1143979,3330.93,776.95,2553.98,938.1,447.9
3800000US8320,8320,"United States - In metropolitan statistical area - Terre Haute, IN MSA","Terre Haute, IN MSA",149192,63705,1030.8,13,1017.8,146.6,62.6
3800000US8360,8360,"United States - In metropolitan statistical area - Texarkana, TX--Texarkana, AR MSA","Texarkana, TX--Texarkana, AR MSA",129749,54190,1560.25,48.4,1511.85,85.8,35.8
3800000US8400,8400,"United States - In metropolitan statistical area - Toledo, OH MSA","Toledo, OH MSA",618203,259959,1623.75,259.18,1364.57,453,190.5
3800000US8440,8440,"United States - In metropolitan statistical area - Topeka, KS MSA","Topeka, KS MSA",169871,73768,556.32,6.5,549.82,309,134.2
3800000US8520,8520,"United States - In metropolitan statistical area - Tucson, AZ MSA","Tucson, AZ MSA",843746,366737,9188.83,2.57,9186.27,91.8,39.9
3800000US8560,8560,"United States - In metropolitan statistical area - Tulsa, OK MSA","Tulsa, OK MSA",803235,341415,5163,148.51,5014.5,160.2,68.1
3800000US8600,8600,"United States - In metropolitan statistical area - Tuscaloosa, AL MSA","Tuscaloosa, AL MSA",164875,71429,1351.23,26.85,1324.37,124.5,53.9
3800000US8640,8640,"United States - In metropolitan statistical area - Tyler, TX MSA","Tyler, TX MSA",174706,71701,949.45,21.06,928.38,188.2,77.2
3800000US8680,8680,"United States - In metropolitan statistical area - Utica--Rome, NY MSA","Utica--Rome, NY MSA",299896,134829,2715.47,91.51,2623.95,114.3,51.4
3800000US8750,8750,"United States - In metropolitan statistical area - Victoria, TX MSA","Victoria, TX MSA",84088,32945,888.73,6.23,882.5,95.3,37.3
3800000US8780,8780,"United States - In metropolitan statistical area - Visalia--Tulare--Porterville, CA MSA","Visalia--Tulare--Porterville, CA MSA",368021,119639,4839.09,15.12,4823.97,76.3,24.8
3800000US8800,8800,"United States - In metropolitan statistical area - Waco, TX MSA","Waco, TX MSA",213517,84795,1060.23,18.34,1041.88,204.9,81.4
3800000US8872,8872,"United States - In metropolitan statistical area - Washington--Baltimore, DC--MD--VA--WV CMSA","Washington--Baltimore, DC--MD--VA--WV CMSA",7608070,3043659,10491.64,915.18,9576.45,794.5,317.8
3850000US88720720,88720720,"United States - In metropolitan statistical area - Washington--Baltimore, DC--MD--VA--WV CMSA - Baltimore, MD PMSA","Baltimore, MD PMSA",2552994,1048046,3104.45,495.4,2609.05,978.5,401.7
3850000US88723180,88723180,"United States - In metropolitan statistical area - Washington--Baltimore, DC--MD--VA--WV CMSA - Hagerstown, MD PMSA","Hagerstown, MD PMSA",131923,52972,467.55,9.41,458.14,288,115.6
3850000US88728840,88728840,"United States - In metropolitan statistical area - Washington--Baltimore, DC--MD--VA--WV CMSA - Washington, DC--MD--VA--WV PMSA","Washington, DC--MD--VA--WV PMSA",4923153,1942641,6919.64,410.37,6509.27,756.3,298.4
3800000US8920,8920,"United States - In metropolitan statistical area - Waterloo--Cedar Falls, IA MSA","Waterloo--Cedar Falls, IA MSA",128012,51759,571.91,4.8,567.11,225.7,91.3
3800000US8940,8940,"United States - In metropolitan statistical area - Wausau, WI MSA","Wausau, WI MSA",125834,50360,1576.14,31.18,1544.96,81.4,32.6
3800000US8960,8960,"United States - In metropolitan statistical area - West Palm Beach--Boca Raton, FL MSA","West Palm Beach--Boca Raton, FL MSA",1131184,556428,2386.33,412.22,1974.11,573,281.9
3800000US9000,9000,"United States - In metropolitan statistical area - Wheeling, WV--OH MSA","Wheeling, WV--OH MSA",153172,69216,962.43,11.91,950.52,161.1,72.8
3800000US9040,9040,"United States - In metropolitan statistical area - Wichita, KS MSA","Wichita, KS MSA",545220,227687,2996.34,29.78,2966.56,183.8,76.8
3800000US9080,9080,"United States - In metropolitan statistical area - Wichita Falls, TX MSA","Wichita Falls, TX MSA",140518,57175,1558.8,21.43,1537.36,91.4,37.2
3800000US9140,9140,"United States - In metropolitan statistical area - Williamsport, PA MSA","Williamsport, PA MSA",120044,52464,1243.77,8.91,1234.85,97.2,42.5
3800000US9200,9200,"United States - In metropolitan statistical area - Wilmington, NC MSA","Wilmington, NC MSA",233450,131047,1377.93,324.2,1053.73,221.5,124.4
3800000US9260,9260,"United States - In metropolitan statistical area - Yakima, WA MSA","Yakima, WA MSA",222581,79174,4311.61,15.38,4296.23,51.8,18.4
3800000US9280,9280,"United States - In metropolitan statistical area - York, PA MSA","York, PA MSA",381751,156720,910.25,5.8,904.45,422.1,173.3
3800000US9320,9320,"United States - In metropolitan statistical area - Youngstown--Warren, OH MSA","Youngstown--Warren, OH MSA",594746,252962,1593.28,29.1,1564.18,380.2,161.7
3800000US9340,9340,"United States - In metropolitan statistical area - Yuba City, CA MSA","Yuba City, CA MSA",139149,50955,1252.31,19.08,1233.24,112.8,41.3
3800000US9360,9360,"United States - In metropolitan statistical area - Yuma, AZ MSA","Yuma, AZ MSA",160026,74140,5518.96,4.87,5514.09,29,13.4
3800000US0060,60,"Puerto Rico - In metropolitan statistical area - Aguadilla, PR MSA","Aguadilla, PR MSA",146424,54725,171.4,53.59,117.8,1242.9,464.5
3800000US4840,4840,"Puerto Rico - In metropolitan statistical area - Mayagez, PR MSA","Mayagez, PR MSA",253347,104009,598.12,309.14,288.98,876.7,359.9
3800000US6360,6360,"Puerto Rico - In metropolitan statistical area - Ponce, PR MSA","Ponce, PR MSA",361094,125370,538.55,173.23,365.32,988.4,343.2
3800000US7442,7442,"Puerto Rico - In metropolitan statistical area - San Juan--Caguas--Arecibo, PR CMSA","San Juan--Caguas--Arecibo, PR CMSA",2450292,913918,2058.49,622.51,1435.98,1706.4,636.4
3850000US74420470,74420470,"Puerto Rico - In metropolitan statistical area - San Juan--Caguas--Arecibo, PR CMSA - Arecibo, PR PMSA","Arecibo, PR PMSA",174300,65423,291.86,77.66,214.2,813.7,305.4
3850000US74421310,74421310,"Puerto Rico - In metropolitan statistical area - San Juan--Caguas--Arecibo, PR CMSA - Caguas, PR PMSA","Caguas, PR PMSA",308365,110065,228.99,1.34,227.65,1354.5,483.5
3850000US74427440,74427440,"Puerto Rico - In metropolitan statistical area - San Juan--Caguas--Arecibo, PR CMSA - San Juan--Bayamn, PR PMSA","San Juan--Bayamn, PR PMSA",1967627,738430,1537.64,543.51,994.13,1979.2,742.8
